insert into part_price (id_part_price, price, sale_price, urgent_price) values (1, 9000, 6000,12000 );
insert into part_price (id_part_price, price, sale_price, urgent_price) values (2, 6900, 3500, 9600);
insert into part_price (id_part_price, price, sale_price, urgent_price) values (3, 2000, 1000, 4000);
insert into part_price (id_part_price, price, sale_price, urgent_price) values (4, 1300, 800, 200);
insert into part_price (id_part_price, price, sale_price, urgent_price) values (5, 100, 30, 300);
insert into part_price (id_part_price, price, sale_price, urgent_price) values (6, 200,100, 640);
insert into part_price (id_part_price, price, sale_price, urgent_price) values (7, 300, 30, 470);
insert into part_price (id_part_price, price, sale_price, urgent_price) values (8, 110,50, 600);
insert into part_price (id_part_price, price, sale_price, urgent_price) values (9, 400, 300, 570);
insert into part_price (id_part_price, price, sale_price, urgent_price) values (10, 4780, 4000, 6700);
insert into provider (id_provider, address, country, name, phone) values (1, '56155 Old Shore Avenue', 'Philippines', 'Jaguar', '5078870927');
insert into provider (id_provider, address, country, name, phone) values (2, '80 Sachtjen Point', 'China', 'Honda', '2228784506');
insert into provider (id_provider, address, country, name, phone) values (3, '87 Lyons Parkway', 'Philippines', 'Nissan', '4122604711');
insert into provider (id_provider, address, country, name, phone) values (4, '0489 Weeping Birch Pass', 'Cyprus', 'GMC', '2537222201');
insert into provider (id_provider, address, country, name, phone) values (5, '3022 Florence Lane', 'Kazakhstan', 'Honda', '7984099600');
insert into provider (id_provider, address, country, name, phone) values (6, '471 Randy Center', 'Guatemala', 'Jeep', '9556556508');
insert into provider (id_provider, address, country, name, phone) values (7, '4555 Sutteridge Road', 'Mongolia', 'Acura', '6913017615');
insert into provider (id_provider, address, country, name, phone) values (8, '5874 Summer Ridge Park', 'Indonesia', 'Ford', '4574159612');
insert into provider (id_provider, address, country, name, phone) values (9, '97587 Sutteridge Trail', 'Mexico', 'Oldsmobile', '6304164485');
insert into provider (id_provider, address, country, name, phone) values (10, '78855 Hanson Circle', 'Bulgaria', 'Chevrolet', '1974841410');
insert into part (description, long_dimension, net_weight, part_code, tall_dimension, width_dimension, id_provider, id_part_price) values ('Suburban 2500', 12.56, 93.6, 90874389, 34.85, 53.2, 1, 1);
insert into part (description, long_dimension, net_weight, part_code, tall_dimension, width_dimension, id_provider, id_part_price) values ('Grand Prix', 73.77, 57.07, 89134622, 63.8, 64.35, 3, 2);
insert into part (description, long_dimension, net_weight, part_code, tall_dimension, width_dimension, id_provider, id_part_price) values ('J', 90.26, 21.4, 39729828, 92.54, 83.48, 2, 3);
insert into part (description, long_dimension, net_weight, part_code, tall_dimension, width_dimension, id_provider, id_part_price) values ('Jimmy', 16.92, 29.24, 31003209, 13.83, 74.38, 1, 4);
insert into part (description, long_dimension, net_weight, part_code, tall_dimension, width_dimension, id_provider, id_part_price) values ('Colt', 87.91, 93.03, 72675674, 91.69, 55.67, 3, 5);
insert into part (description, long_dimension, net_weight, part_code, tall_dimension, width_dimension, id_provider, id_part_price) values ('960', 30.72, 30.01, 91245384, 74.74, 55.94, 3, 6);
insert into part (description, long_dimension, net_weight, part_code, tall_dimension, width_dimension, id_provider, id_part_price) values ('Tiburon', 97.05, 88.73, 36306402, 7.29, 4.44, 2, 7);
insert into part (description, long_dimension, net_weight, part_code, tall_dimension, width_dimension, id_provider, id_part_price) values ('X-Type', 20.51, 5.0, 19137899, 84.57, 42.9, 3, 8);
insert into part (description, long_dimension, net_weight, part_code, tall_dimension, width_dimension, id_provider, id_part_price) values ('X6 M', 86.6, 75.3, 11835154, 65.64, 16.85, 3, 9);
insert into part (description, long_dimension, net_weight, part_code, tall_dimension, width_dimension, id_provider, id_part_price) values ('V70', 13.07, 30.31, 84621338, 37.95, 22.1, 3, 10);
insert into discount_rate (id_discount_rates, description, discount) values (1, 'maestro', 92);
insert into discount_rate (id_discount_rates, description, discount) values (2, 'jcb', 64);
insert into discount_rate (id_discount_rates, description, discount) values (3, 'bankcard', 85);
insert into discount_rate (id_discount_rates, description, discount) values (4, 'jcb', 35);
insert into discount_rate (id_discount_rates, description, discount) values (5, 'jcb', 83);
insert into discount_rate (id_discount_rates, description, discount) values (6, 'switch', 55);
insert into discount_rate (id_discount_rates, description, discount) values (7, 'solo', 18);
insert into discount_rate (id_discount_rates, description, discount) values (8, 'jcb', 58);
insert into discount_rate (id_discount_rates, description, discount) values (9, 'mastercard', 34);
insert into discount_rate (id_discount_rates, description, discount) values (10, 'jcb', 16);
INSERT INTO part_record (id_part_record, description, last_modification, long_dimension, net_weight, normal_price, sale_price, tall_dimension, update_price, urgent_price, width_dimension, id_discount_rate, id_part) VALUES (1,'Nuevisima','2120-04-04',13,94,9000,6000,35,0,12000,53,1,1);
INSERT INTO part_record (id_part_record, description, last_modification, long_dimension, net_weight, normal_price, sale_price, tall_dimension, update_price, urgent_price, width_dimension, id_discount_rate, id_part) VALUES (2,'Grand Prix','2021-05-05',74,57,1200,700,64,1,1500,64,2,2);
INSERT INTO part_record (id_part_record, description, last_modification, long_dimension, net_weight, normal_price, sale_price, tall_dimension, update_price, urgent_price, width_dimension, id_discount_rate, id_part) VALUES (3,'Nueva','2021-03-03',13,94,9000,6000,35,0,12000,53,1,1);
insert into stock_cm (id_stock_cm, id_part, quantity) values (1, 1, 61);
insert into stock_cm (id_stock_cm, id_part, quantity) values (2, 2, 68);
insert into stock_cm (id_stock_cm, id_part, quantity) values (3, 3, 31);
insert into stock_cm (id_stock_cm, id_part, quantity) values (4, 4, 87);
insert into stock_cm (id_stock_cm, id_part, quantity) values (5, 5, 47);
insert into stock_cm (id_stock_cm, id_part, quantity) values (6, 6, 67);
insert into stock_cm (id_stock_cm, id_part, quantity) values (7, 7, 56);
insert into stock_cm (id_stock_cm, id_part, quantity) values (8, 8, 34);
insert into stock_cm (id_stock_cm, id_part, quantity) values (9, 9, 40);
insert into stock_cm (id_stock_cm, id_part, quantity) values (10, 10, 200);
insert into account_type (id_account_type, description, code) values (1,'Respuesto', 'R');
insert into account_type (id_account_type, description, code) values (2,'Garantia','G');
insert into matrix_house (id_matrix_house, name, site) values (1, 'America', 'Cordoba');
insert into matrix_house (id_matrix_house, name, site) values (2, 'Europa', 'España');
INSERT INTO shipping_type VALUES (1,1,'Full'),(2,2,'Normal');
INSERT INTO dealer VALUES (1,'550 Delladonna Street','Argentina','Jabbersphere','520-530-8991',1),(2,'820 Butterfield Court','Colombia','Jatri','967-709-4952',1),(3,'90 Straubel Alley','Peru','Rooxo','777-962-4089',1),(4,'194 Loeprich Court','Chile','Realblab','159-561-0214',1),(5,'079 Forest Plaza','Russia','Devcast','361-462-3713',1),(6,'5324 Sommers Park','Brasil','Skalith','269-339-5478',1);
insert into accounts (id, password, rol, username, id_dealer) values (1, '1234', 1, 'sofia',1);
insert into accounts (id, password, rol, username, id_dealer) values (2, '1234', 1, 'facundo',5);
insert into accounts (id, password, rol, username, id_dealer) values (3, '1234', 1, 'agustina',3);
insert into accounts (id, password, rol, username, id_dealer) values (4, '1234', 1, 'hernan',4);
insert into accounts (id, password, rol, username, id_dealer) values (5, '1234', 1, 'cristian',2);
insert into accounts (id, password, rol, username, id_dealer) values (6, '1234', 1, 'luciano',6);
INSERT INTO order_type VALUES (1,1,'Compra'),(2,2,'Venta');
INSERT INTO part_status VALUES (1,'N','Normal'),(2,'D','Demorado');
INSERT INTO order_status VALUES (1,'P','Prodecesado'),(2,'D','Demorado'),(3,'F','Finalizado'),(4,'C','Cancelado');
INSERT INTO carrier VALUES (1,'362 Farragut Road','Colombia','Lena','7772964549'),(2,'157 Randy Crossing','Brazil','Bourke','3117050619'),(3,'99086 Norway Maple Parkway','Argentina','Luci','6861384934'),(4,'58422 Sherman Terrace','Argentina','Kiley','6036682834'),(5,'92 Artisan Court','Argentina','Amaleta','6409000093');
INSERT INTO delivery_status VALUES (1,'C','Cancelado'),(2,'D','Demorado'),(3,'F','Finalizado'),(4,'P','Pendiente de entrega');
INSERT INTO order_cm VALUES (1,1,'2020-12-14','2020-12-15','934416870',1,2,1,1,1,1),(2,2,'2020-12-22','2020-12-24','309812314',2,3,2,2,2,1),(3,4,'2021-03-22','2021-03-26','914724037',3,3,1,1,2,1),(4,2,'2021-03-28','2021-03-30','708142833',4,4,2,2,1,1),(5,1,'2020-05-06','2020-05-07','816091313',5,2,1,1,2,1),(6,2,'2020-10-02','2020-10-04','96009630',1,1,2,2,1,2),(7,3,'2020-06-20','2020-06-23','129912939',2,3,1,1,2,2),(8,3,'2020-09-02','2020-09-05','132193559',3,4,2,2,2,2),(9,10,'2020-08-15','2020-08-25','824225333',4,3,1,1,2,2),(10,2,'2021-01-20','2021-01-22','010066306',5,1,2,2,2,2);
INSERT INTO order_detail_cm VALUES (1,1,'Sin Motivo',1,1,1,2),(2,2,'Sin Motivo',2,1,2,2),(3,3,'Sin Motivo',2,1,3,2),(4,4,'Sin Motivo',1,2,4,2),(5,5,'Sin Motivo',2,3,5,2),(6,6,'Sin Motivo',1,2,6,2),(7,7,'Sin Motivo',2,4,7,2),(8,8,'Sin Motivo',2,2,8,2),(9,9,'Sin Motivo',2,6,9,2),(10,10,'Sin Motivo',1,7,10,2),(11,11,'Sin Motivo',1,8,10,2),(12,12,'Sin Motivo',2,8,1,2),(13,13,'Sin Motivo',1,9,10,2),(14,14,'Sin Motivo',1,9,3,2),(15,15,'Sin Motivo',1,9,1,2),(16,16,'Sin Motivo',2,10,2,2),(17,17,'Sin Motivo',2,1,3,2),(18,18,'Sin Motivo',1,10,4,2),(19,19,'Sin Motivo',2,2,5,2),(20,20,'Sin Motivo',1,3,2,2);